pintu,648,719,pintu_0001.png,1280,720
pintu,648,719,pintu_0002.png,1280,720
pintu,646,718,pintu_0003.png,1280,720
pintu,648,720,pintu_0004.png,1280,720
pintu,646,719,pintu_0005.png,1280,720
pintu,646,719,pintu_0006.png,1280,720
pintu,646,719,pintu_0007.png,1280,720
pintu,645,719,pintu_0008.png,1280,720
pintu,645,719,pintu_0009.png,1280,720
pintu,644,719,pintu_0010.png,1280,720
pintu,642,719,pintu_0011.png,1280,720
pintu,642,719,pintu_0012.png,1280,720
pintu,641,719,pintu_0013.png,1280,720
pintu,639,718,pintu_0014.png,1280,720
pintu,637,718,pintu_0015.png,1280,720
pintu,637,718,pintu_0016.png,1280,720
pintu,635,718,pintu_0017.png,1280,720
pintu,633,718,pintu_0018.png,1280,720
pintu,632,718,pintu_0019.png,1280,720
pintu,630,719,pintu_0020.png,1280,720
pintu,628,718,pintu_0021.png,1280,720
pintu,626,720,pintu_0022.png,1280,720
pintu,625,720,pintu_0023.png,1280,720
pintu,621,719,pintu_0024.png,1280,720
pintu,620,719,pintu_0025.png,1280,720
pintu,617,719,pintu_0026.png,1280,720
pintu,614,720,pintu_0027.png,1280,720
pintu,611,720,pintu_0028.png,1280,720
pintu,608,719,pintu_0029.png,1280,720
pintu,604,719,pintu_0030.png,1280,720
pintu,601,719,pintu_0031.png,1280,720
pintu,597,719,pintu_0032.png,1280,720
pintu,593,719,pintu_0033.png,1280,720
pintu,589,720,pintu_0034.png,1280,720
pintu,584,719,pintu_0035.png,1280,720
pintu,581,719,pintu_0036.png,1280,720
pintu,576,719,pintu_0037.png,1280,720
pintu,571,718,pintu_0038.png,1280,720
pintu,567,718,pintu_0039.png,1280,720
pintu,562,719,pintu_0040.png,1280,720
pintu,557,719,pintu_0041.png,1280,720
pintu,551,719,pintu_0042.png,1280,720
pintu,546,719,pintu_0043.png,1280,720
pintu,540,719,pintu_0044.png,1280,720
pintu,535,719,pintu_0045.png,1280,720
pintu,529,719,pintu_0046.png,1280,720
pintu,522,718,pintu_0047.png,1280,720
pintu,517,719,pintu_0048.png,1280,720
pintu,508,719,pintu_0049.png,1280,720
pintu,502,719,pintu_0050.png,1280,720
pintu,494,719,pintu_0051.png,1280,720
pintu,488,719,pintu_0052.png,1280,720
pintu,480,720,pintu_0053.png,1280,720
pintu,475,720,pintu_0054.png,1280,720
pintu,467,720,pintu_0055.png,1280,720
pintu,461,720,pintu_0056.png,1280,720
pintu,455,720,pintu_0057.png,1280,720
pintu,448,718,pintu_0058.png,1280,720
pintu,444,720,pintu_0059.png,1280,720
pintu,436,719,pintu_0060.png,1280,720
pintu,429,719,pintu_0061.png,1280,720
pintu,424,719,pintu_0062.png,1280,720
pintu,417,719,pintu_0063.png,1280,720
pintu,412,718,pintu_0064.png,1280,720
pintu,406,718,pintu_0065.png,1280,720
pintu,398,718,pintu_0066.png,1280,720
pintu,389,719,pintu_0067.png,1280,720
pintu,381,718,pintu_0068.png,1280,720
pintu,375,720,pintu_0069.png,1280,720
pintu,368,719,pintu_0070.png,1280,720
pintu,362,719,pintu_0071.png,1280,720
pintu,357,719,pintu_0072.png,1280,720
pintu,349,719,pintu_0073.png,1280,720
pintu,342,719,pintu_0074.png,1280,720
pintu,336,719,pintu_0075.png,1280,720
pintu,330,720,pintu_0076.png,1280,720
pintu,324,719,pintu_0077.png,1280,720
pintu,318,719,pintu_0078.png,1280,720
pintu,313,720,pintu_0079.png,1280,720
pintu,306,720,pintu_0080.png,1280,720
pintu,301,719,pintu_0081.png,1280,720
pintu,295,720,pintu_0082.png,1280,720
pintu,288,720,pintu_0083.png,1280,720
pintu,284,720,pintu_0084.png,1280,720
pintu,278,720,pintu_0085.png,1280,720
pintu,274,720,pintu_0086.png,1280,720
pintu,270,720,pintu_0087.png,1280,720
pintu,265,719,pintu_0088.png,1280,720
pintu,261,720,pintu_0089.png,1280,720
pintu,258,719,pintu_0090.png,1280,720
pintu,253,719,pintu_0091.png,1280,720
pintu,249,718,pintu_0092.png,1280,720
pintu,245,719,pintu_0093.png,1280,720
pintu,242,718,pintu_0094.png,1280,720
pintu,240,718,pintu_0095.png,1280,720
pintu,237,718,pintu_0096.png,1280,720
pintu,234,719,pintu_0097.png,1280,720
pintu,232,719,pintu_0098.png,1280,720
pintu,227,718,pintu_0099.png,1280,720
pintu,225,719,pintu_0100.png,1280,720
pintu,222,718,pintu_0101.png,1280,720
pintu,220,717,pintu_0102.png,1280,720
pintu,218,719,pintu_0103.png,1280,720
pintu,216,718,pintu_0104.png,1280,720
pintu,216,718,pintu_0105.png,1280,720
pintu,214,718,pintu_0106.png,1280,720
pintu,212,716,pintu_0107.png,1280,720
pintu,212,719,pintu_0108.png,1280,720
pintu,211,718,pintu_0109.png,1280,720
pintu,212,718,pintu_0110.png,1280,720
pintu,212,717,pintu_0111.png,1280,720
pintu,210,716,pintu_0112.png,1280,720
pintu,210,719,pintu_0113.png,1280,720
pintu,210,718,pintu_0114.png,1280,720
pintu,208,717,pintu_0115.png,1280,720
pintu,207,717,pintu_0116.png,1280,720
pintu,207,717,pintu_0117.png,1280,720
pintu,207,718,pintu_0118.png,1280,720
pintu,207,718,pintu_0119.png,1280,720
pintu,206,716,pintu_0120.png,1280,720
pintu,205,718,pintu_0121.png,1280,720
pintu,203,718,pintu_0122.png,1280,720
pintu,201,718,pintu_0123.png,1280,720
pintu,201,719,pintu_0124.png,1280,720
pintu,200,718,pintu_0125.png,1280,720
pintu,200,718,pintu_0126.png,1280,720
pintu,200,718,pintu_0127.png,1280,720
pintu,199,718,pintu_0128.png,1280,720
pintu,199,718,pintu_0129.png,1280,720
pintu,197,719,pintu_0130.png,1280,720
pintu,199,719,pintu_0131.png,1280,720
pintu,198,717,pintu_0132.png,1280,720
pintu,196,718,pintu_0133.png,1280,720
pintu,197,718,pintu_0134.png,1280,720
pintu,196,718,pintu_0135.png,1280,720
pintu,194,717,pintu_0136.png,1280,720
pintu,194,718,pintu_0137.png,1280,720
pintu,195,718,pintu_0138.png,1280,720
pintu,196,717,pintu_0139.png,1280,720
pintu,198,719,pintu_0140.png,1280,720
pintu,197,719,pintu_0141.png,1280,720
pintu,197,719,pintu_0142.png,1280,720
pintu,197,719,pintu_0143.png,1280,720
pintu,199,719,pintu_0144.png,1280,720
pintu,197,717,pintu_0145.png,1280,720
pintu,197,718,pintu_0146.png,1280,720
pintu,197,718,pintu_0147.png,1280,720
pintu,197,718,pintu_0148.png,1280,720
pintu,197,718,pintu_0149.png,1280,720
pintu,197,718,pintu_0150.png,1280,720
pintu,196,720,pintu_0151.png,1280,720
pintu,196,719,pintu_0152.png,1280,720
pintu,196,719,pintu_0153.png,1280,720
pintu,197,719,pintu_0154.png,1280,720
pintu,197,719,pintu_0155.png,1280,720
pintu,196,718,pintu_0156.png,1280,720
pintu,197,719,pintu_0157.png,1280,720
pintu,196,718,pintu_0158.png,1280,720
pintu,196,718,pintu_0159.png,1280,720
pintu,197,718,pintu_0160.png,1280,720
pintu,196,717,pintu_0161.png,1280,720
pintu,195,718,pintu_0162.png,1280,720
pintu,195,718,pintu_0163.png,1280,720
pintu,195,719,pintu_0164.png,1280,720
pintu,196,719,pintu_0165.png,1280,720
pintu,197,720,pintu_0166.png,1280,720
pintu,197,718,pintu_0317.png,1280,720
pintu,196,718,pintu_0318.png,1280,720
pintu,197,719,pintu_0319.png,1280,720
pintu,197,719,pintu_0320.png,1280,720
pintu,197,719,pintu_0321.png,1280,720
pintu,197,719,pintu_0322.png,1280,720
pintu,197,719,pintu_0323.png,1280,720
pintu,197,719,pintu_0324.png,1280,720
pintu,197,719,pintu_0325.png,1280,720
pintu,198,718,pintu_0326.png,1280,720
pintu,198,718,pintu_0327.png,1280,720
pintu,200,718,pintu_0328.png,1280,720
pintu,200,718,pintu_0329.png,1280,720
pintu,201,719,pintu_0330.png,1280,720
pintu,198,716,pintu_0331.png,1280,720
pintu,198,716,pintu_0332.png,1280,720
pintu,200,716,pintu_0333.png,1280,720
pintu,201,715,pintu_0334.png,1280,720
pintu,205,717,pintu_0335.png,1280,720
pintu,205,715,pintu_0336.png,1280,720
pintu,207,717,pintu_0337.png,1280,720
pintu,207,717,pintu_0338.png,1280,720
pintu,210,716,pintu_0339.png,1280,720
pintu,211,717,pintu_0340.png,1280,720
pintu,212,718,pintu_0341.png,1280,720
pintu,214,717,pintu_0342.png,1280,720
pintu,216,718,pintu_0343.png,1280,720
pintu,218,713,pintu_0344.png,1280,720
pintu,220,715,pintu_0345.png,1280,720
pintu,223,715,pintu_0346.png,1280,720
pintu,227,716,pintu_0347.png,1280,720
pintu,232,716,pintu_0348.png,1280,720
pintu,235,717,pintu_0349.png,1280,720
pintu,240,718,pintu_0350.png,1280,720
pintu,243,718,pintu_0351.png,1280,720
pintu,249,718,pintu_0352.png,1280,720
pintu,252,718,pintu_0353.png,1280,720
pintu,258,718,pintu_0354.png,1280,720
pintu,262,718,pintu_0355.png,1280,720
pintu,267,717,pintu_0356.png,1280,720
pintu,272,717,pintu_0357.png,1280,720
pintu,278,717,pintu_0358.png,1280,720
pintu,284,718,pintu_0359.png,1280,720
pintu,290,719,pintu_0360.png,1280,720
pintu,293,719,pintu_0361.png,1280,720
pintu,299,718,pintu_0362.png,1280,720
pintu,305,718,pintu_0363.png,1280,720
pintu,310,717,pintu_0364.png,1280,720
pintu,318,718,pintu_0365.png,1280,720
pintu,325,715,pintu_0366.png,1280,720
pintu,330,718,pintu_0367.png,1280,720
pintu,338,716,pintu_0368.png,1280,720
pintu,345,716,pintu_0369.png,1280,720
pintu,349,716,pintu_0370.png,1280,720
pintu,360,716,pintu_0371.png,1280,720
pintu,364,716,pintu_0372.png,1280,720
pintu,371,714,pintu_0373.png,1280,720
pintu,379,717,pintu_0374.png,1280,720
pintu,385,716,pintu_0375.png,1280,720
pintu,390,715,pintu_0376.png,1280,720
pintu,397,714,pintu_0377.png,1280,720
pintu,402,715,pintu_0378.png,1280,720
pintu,409,717,pintu_0379.png,1280,720
pintu,413,717,pintu_0380.png,1280,720
pintu,420,717,pintu_0381.png,1280,720
pintu,426,714,pintu_0382.png,1280,720
pintu,431,718,pintu_0383.png,1280,720
pintu,438,719,pintu_0384.png,1280,720
pintu,445,719,pintu_0385.png,1280,720
pintu,450,718,pintu_0386.png,1280,720
pintu,455,718,pintu_0387.png,1280,720
pintu,463,719,pintu_0388.png,1280,720
pintu,469,719,pintu_0389.png,1280,720
pintu,476,717,pintu_0390.png,1280,720
pintu,483,720,pintu_0391.png,1280,720
pintu,491,716,pintu_0392.png,1280,720
pintu,496,719,pintu_0393.png,1280,720
pintu,503,718,pintu_0394.png,1280,720
pintu,507,715,pintu_0395.png,1280,720
pintu,512,719,pintu_0396.png,1280,720
pintu,519,718,pintu_0397.png,1280,720
pintu,525,715,pintu_0398.png,1280,720
pintu,530,717,pintu_0399.png,1280,720
pintu,536,717,pintu_0400.png,1280,720
pintu,540,718,pintu_0401.png,1280,720
pintu,544,718,pintu_0402.png,1280,720
pintu,550,718,pintu_0403.png,1280,720
pintu,555,717,pintu_0404.png,1280,720
pintu,557,717,pintu_0405.png,1280,720
pintu,563,716,pintu_0406.png,1280,720
pintu,568,719,pintu_0407.png,1280,720
pintu,572,717,pintu_0408.png,1280,720
pintu,577,716,pintu_0409.png,1280,720
pintu,579,718,pintu_0410.png,1280,720
pintu,583,719,pintu_0411.png,1280,720
pintu,587,718,pintu_0412.png,1280,720
pintu,592,717,pintu_0413.png,1280,720
pintu,593,720,pintu_0414.png,1280,720
pintu,595,718,pintu_0415.png,1280,720
pintu,598,720,pintu_0416.png,1280,720
pintu,601,720,pintu_0417.png,1280,720
pintu,604,718,pintu_0418.png,1280,720
pintu,607,718,pintu_0419.png,1280,720
pintu,608,719,pintu_0420.png,1280,720
pintu,610,718,pintu_0421.png,1280,720
pintu,612,720,pintu_0422.png,1280,720
pintu,616,716,pintu_0423.png,1280,720
pintu,618,718,pintu_0424.png,1280,720
pintu,619,718,pintu_0425.png,1280,720
pintu,622,720,pintu_0426.png,1280,720
pintu,623,719,pintu_0427.png,1280,720
pintu,624,717,pintu_0428.png,1280,720
pintu,626,716,pintu_0429.png,1280,720
pintu,627,718,pintu_0430.png,1280,720
pintu,628,715,pintu_0431.png,1280,720
pintu,629,716,pintu_0432.png,1280,720
pintu,628,717,pintu_0433.png,1280,720
pintu,630,714,pintu_0434.png,1280,720
pintu,630,714,pintu_0435.png,1280,720
pintu,630,714,pintu_0436.png,1280,720
pintu,630,717,pintu_0437.png,1280,720
pintu,631,718,pintu_0438.png,1280,720
pintu,632,715,pintu_0439.png,1280,720
pintu,632,714,pintu_0440.png,1280,720
pintu,632,718,pintu_0441.png,1280,720
pintu,632,720,pintu_0442.png,1280,720
pintu,633,717,pintu_0443.png,1280,720
pintu,633,712,pintu_0444.png,1280,720
pintu,634,712,pintu_0445.png,1280,720
pintu,635,717,pintu_0446.png,1280,720
pintu,635,713,pintu_0447.png,1280,720
pintu,635,712,pintu_0448.png,1280,720
pintu,636,712,pintu_0449.png,1280,720
pintu,637,713,pintu_0450.png,1280,720
pintu,638,714,pintu_0451.png,1280,720
pintu,638,714,pintu_0452.png,1280,720
pintu,639,715,pintu_0453.png,1280,720
pintu,641,715,pintu_0454.png,1280,720
pintu,641,714,pintu_0455.png,1280,720
pintu,641,713,pintu_0456.png,1280,720
pintu,641,714,pintu_0457.png,1280,720
pintu,641,715,pintu_0458.png,1280,720
pintu,643,716,pintu_0459.png,1280,720
pintu,643,716,pintu_0460.png,1280,720
pintu,643,716,pintu_0461.png,1280,720
pintu,645,716,pintu_0462.png,1280,720
pintu,645,716,pintu_0463.png,1280,720
pintu,645,717,pintu_0464.png,1280,720
pintu,645,718,pintu_0465.png,1280,720
pintu,647,719,pintu_0466.png,1280,720
pintu,647,719,pintu_0467.png,1280,720
pintu,647,719,pintu_0468.png,1280,720
pintu,647,719,pintu_0469.png,1280,720
pintu,647,719,pintu_0470.png,1280,720
pintu,647,719,pintu_0471.png,1280,720
pintu,647,717,pintu_0472.png,1280,720
pintu,647,717,pintu_0473.png,1280,720
pintu,647,717,pintu_0474.png,1280,720
pintu,647,718,pintu_0475.png,1280,720
pintu,647,718,pintu_0476.png,1280,720
pintu,647,718,pintu_0477.png,1280,720
pintu,647,718,pintu_0478.png,1280,720
pintu,648,718,pintu_0479.png,1280,720
pintu,648,720,pintu_0480.png,1280,720